{
  "flour": {
    "type": "number",
    "name": "flour",
    "value": 100,
    "label": "面粉",
    "unit": "克"
  },
  "water": {
    "type": "number",
    "name": "water",
    "value": 20,
    "label": "含水",
    "unit": "克"
  },
  "salt": {
    "type": "number",
    "name": "salt",
    "value": 2,
    "label": "精盐",
    "unit": "克"
  },
  "sugar": {
    "type": "number",
    "name": "sugar",
    "value": 10,
    "label": "细砂糖",
    "unit": "克"
  },
  
  "starter": {
    "type": "number",
    "name": "starter",
    "value": 20,
    "label": "酵头",
    "unit": "克"
  }, 
  "starterHydration": {
    "type": "number",
    "name": "starterHydration",
    "value": 100,
    "label": "酵头含水量",
    "unit": "%"
  },
  "yeast": {
    "type": "number",
    "name": "yeast",
    "value": 0,
    "label": "酵母",
    "unit": "克"
  },
  "milk": {
    "type": "number",
    "name": "milk",
    "value": 20,
    "label": "牛奶",
    "unit": "克"
  },
  "egg": {
    "type": "number",
    "name": "egg",
    "value": 0,
    "label": "鸡蛋",
    "unit": "克"
  },
  "eggnum": {
    "type": "number",
    "name": "eggnum",
    "value": 0,
    "label": "鸡蛋数",
    "unit": "个"
  },
  "yolk": {
    "type": "number",
    "name": "yolk",
    "value": 20,
    "label": "蛋黄",
    "unit": "克"
  },
  "yolknum": {
    "type": "number",
    "name": "yolknum",
    "value": 0,
    "label": "蛋黄数",
    "unit": "个"
  },
  "white": {
    "type": "number",
    "name": "white",
    "value": 0,
    "label": "蛋白",
    "unit": "克"
  },
  "whitenum": {
    "type": "number",
    "name": "whitenum",
    "value": 0,
    "label": "蛋白数",
    "unit": "个"
  },
  "butter": {
    "type": "number",
    "name": "butter",
    "value": 20,
    "label": "黄油",
    "unit": "克"
  },
  "oil": {
    "type": "number",
    "name": "oil",
    "value": 0,
    "label": "植物油",
    "unit": "克"
  }
}