{
  "flour": {
    "type": "number",
    "name": "flour",
    "value": 250,
    "label": "面粉",
    "unit": "克"
  },
  "water": {
    "type": "number",
    "name": "water",
    "value": 81.8,
    "label": "含水",
    "unit": "%"
  }, 
  "salt": {
    "type": "number",
    "name": "salt",
    "value": 2,
    "label": "精盐",
    "unit": "%"
  },
  "yeast": {
    "type": "number",
    "name": "yeast",
    "value": 1,
    "label": "酵母",
    "unit": "%"
  },
  "starter": {
    "type": "number",
    "name": "starter",
    "value": 0,
    "label": "酵头",
    "unit": "克"
  },
  "starterHydration": {
    "type": "number",
    "name": "starterHydration",
    "value": 0,
    "label": "酵头含水量",
    "unit": "克"
  }
}